Ticker,Company,Sector,Industry,Price,52W High,52W Low,Market Cap (Cr),P/E Ratio,Forward P/E,P/B Ratio,PEG Ratio,EV/EBITDA,EPS,ROE (%),ROA (%),Profit Margin (%),Operating Margin (%),Revenue Growth (%),Earnings Growth (%),Debt/Equity,Current Ratio,Free Cash Flow (Cr),Dividend Yield,Promoter Holding (%),Inst. Holding (%)
RELIANCE.NS,Reliance Industries Limited,Energy,Oil & Gas Refining & Marketing,1313.6,1611.8,1253.2,1777625.52,21.999664,18.269482,1.9663346,0.82,12.211,59.71,9.14,3.67,7.64,9.98,12.5,-12.6,36.653,1.098,21829.13,0.46,51.18,29.01
TCS.NS,Tata Consultancy Services Limited,Technology,Information Technology Services,2109.0,3489.9,2055.0,763054.63,15.51534,12.727432,7.1153846,2.31,10.176,135.93,48.4,24.44,18.43,25.29,9.6,12.2,10.389,2.228,36946.75,6.02,71.8,17.83
HDFCBANK.NS,HDFC Bank Limited,Financial Services,Banks - Regional,793.2,1020.5,726.65,1221583.7,17.68562,12.62309,2.0834866,0.89,,44.85,13.82,1.7,26.83,40.54,-1.8,7.5,,,,1.68,0.17,58.12
INFY.NS,Infosys Limited,Technology,Information Technology Services,1056.6,1728.0,1026.0,427809.73,14.003977,12.870657,4.631911,2.0,940.115,75.45,31.44,15.09,16.43,20.93,6.6,11.8,9.827,1.978,317.02,4.86,16.36,51.83
ICICIBANK.NS,ICICI Bank Limited,Financial Services,Banks - Regional,1373.6,1500.0,1187.6,985218.63,18.361181,15.102141,2.709345,0.53,,74.81,16.36,2.08,24.93,33.29,66.9,8.4,,,,0.82,3.01,59.5
HINDUNILVR.NS,Hindustan Unilever Limited,Consumer Defensive,Household & Personal Products,2157.8,2750.0,2022.5,506994.83,47.791805,40.2329,10.402245,3.69,34.512,45.15,21.6,10.71,23.33,21.14,4.3,21.4,3.016,1.223,6524.75,2.04,62.27,20.89
ITC.NS,ITC Limited,Consumer Defensive,Tobacco,290.35,427.0,275.05,363793.11,17.59697,16.48431,5.017627,1.78,12.533,16.5,29.34,17.6,26.23,36.48,-5.0,-72.7,3.292,3.039,12366.96,5.52,27.18,52.31
SBIN.NS,State Bank of India,Financial Services,Banks - Regional,1034.6,1234.7,786.55,954999.71,11.350521,10.12567,1.6019969,0.53,,91.15,15.48,1.11,22.11,28.96,7.1,-3.1,,,,1.69,57.0,30.08
BHARTIARTL.NS,Bharti Airtel Limited,Communication Services,Telecom Services,1877.3,2174.5,1740.5,1171103.57,42.367413,22.811657,7.3628273,,10.946,44.31,19.36,7.85,12.65,32.23,15.7,-34.0,99.718,0.517,60950.84,0.84,51.89,34.66
KOTAKBANK.NS,Kotak Mahindra Bank Limited,Financial Services,Banks - Regional,405.95,453.2,345.5,403776.76,20.925259,14.498215,2.2289882,0.94,,19.4,11.39,2.05,26.05,35.12,-11.0,9.8,,,,0.12,28.42,49.84
LT.NS,Larsen & Toubro Limited,Industrials,Engineering & Construction,4181.7,4440.0,3288.1,575263.21,35.73492,22.794209,5.2635093,1.06,18.96,117.02,16.95,4.59,5.51,10.71,11.7,-34.5,97.64,1.251,26195.48,0.91,18.09,49.44
HCLTECH.NS,HCL Technologies Limited,Technology,Information Technology Services,1113.9,1780.1,1089.5,301395.35,18.15352,13.906129,3.9971142,2.39,1034.988,61.36,23.36,12.83,12.8,16.49,5.3,-0.2,6.935,2.217,185.05,8.65,62.76,28.54
ASIANPAINT.NS,Asian Paints Limited,Basic Materials,Specialty Chemicals,2667.5,2985.7,2115.0,255718.35,58.963306,45.534885,11.972244,,39.882,45.24,20.89,10.56,12.15,16.14,10.6,69.2,17.847,2.209,4340.87,1.03,52.88,28.22
AXISBANK.NS,Axis Bank Limited,Financial Services,Banks - Regional,1384.5,1418.3,1042.5,430634.85,16.376863,11.580708,2.0003815,0.54,,84.54,13.15,1.47,35.41,39.19,-11.2,6.4,,,,0.07,2.83,71.06
MARUTI.NS,Maruti Suzuki India Limited,Consumer Cyclical,Auto Manufacturers,13248.0,17370.0,12201.0,416520.52,28.383503,21.442955,3.8870194,0.77,18.906,466.75,14.43,6.55,8.01,8.41,28.2,-6.4,0.096,1.068,7713.18,1.04,60.28,29.06
SUNPHARMA.NS,Sun Pharmaceutical Industries Limited,Healthcare,Drug Manufacturers - Specialty & Generic,1874.4,1916.6,1548.0,449731.36,39.19699,28.984087,5.387012,1.04,25.532,47.82,14.72,8.43,19.64,18.83,12.8,25.6,5.517,2.824,4931.94,0.86,55.61,31.48
TITAN.NS,Titan Company Limited,Consumer Cyclical,Luxury Goods,4323.8,4605.0,3303.1,383540.61,75.5117,50.4695,24.44551,,48.914,57.26,37.13,9.3,5.79,6.28,80.5,35.1,195.001,1.276,-6509.88,0.26,58.77,21.93
BAJFINANCE.NS,Bajaj Finance Limited,Financial Services,Credit Services,990.95,1102.5,787.9,616160.45,32.479515,20.028584,5.4040422,,,30.51,17.91,3.77,43.38,60.65,26.8,21.4,313.407,7.201,,0.56,56.49,26.97
ULTRACEMCO.NS,UltraTech Cement Limited,Basic Materials,Building Materials,11430.0,13110.0,10325.0,336235.88,41.26056,26.109545,4.667423,1.22,20.875,277.02,10.59,5.62,9.23,17.02,3.0,45.3,29.432,0.746,1815.76,0.69,61.74,23.29
WIPRO.NS,Wipro Limited,Technology,Information Technology Services,174.48,273.1,171.49,183058.2,13.891719,12.173144,2.0646076,1.22,8.707,12.56,15.44,6.91,14.25,17.18,7.7,-1.6,22.853,2.049,11535.54,9.74,72.68,14.58
ONGC.NS,Oil and Natural Gas Corporation Limited,Energy,Oil & Gas Integrated,240.0,307.5,228.61,301926.71,7.285975,5.574076,0.8121827,,4.334,32.94,12.7,5.3,6.25,9.21,1.9,47.8,42.548,0.84,29587.63,7.57,69.21,22.98
NTPC.NS,NTPC Limited,Utilities,Utilities - Regulated Electric,357.05,414.4,315.55,346219.48,11.729631,12.627392,1.7047516,,8.416,30.44,13.69,4.12,14.44,18.43,8.0,-1.6,118.127,0.825,-8074.93,3.11,53.55,38.95
POWERGRID.NS,Power Grid Corporation of India Limited,Utilities,Utilities - Regulated Electric,290.9,324.95,250.0,270554.55,14.45825,14.5151205,2.6912508,,10.901,20.12,16.49,5.56,34.08,49.47,-5.0,9.6,150.993,0.625,-8342.27,4.2,52.61,36.98
M&M.NS,Mahindra & Mahindra Limited,Consumer Cyclical,Auto Manufacturers,3064.5,3839.9,2896.0,367973.58,20.13866,19.169891,3.6783507,1.26,10.729,152.17,18.75,7.07,8.46,16.4,30.9,44.8,125.066,1.267,15655.24,1.09,25.31,53.03
TECHM.NS,Tech Mahindra Limited,Technology,Information Technology Services,1461.6,1854.0,1304.1,129471.79,26.95684,17.126396,4.3754845,1.86,13.251,54.22,16.61,9.52,8.47,13.83,12.6,15.9,7.269,1.902,4812.34,3.6,36.96,45.8
BAJAJFINSV.NS,Bajaj Finserv Ltd.,Financial Services,Financial Conglomerates,1780.5,2195.0,1597.0,284614.41,29.155067,19.34617,3.6486552,,12.13,61.07,14.6,4.92,6.57,37.21,5.3,5.7,256.36,2.651,-15775.72,0.07,63.93,15.55
NESTLEIND.NS,Nestlé India Limited,Consumer Defensive,Packaged Foods,1382.6,1498.1,1084.7,266608.73,76.386734,58.2396,51.69951,,51.854,18.1,76.34,22.58,15.14,22.96,23.0,27.4,8.621,0.964,3881.1,0.86,62.92,17.59
ADANIENT.NS,Adani Enterprises Limited,Energy,Thermal Coal,3069.7,3091.7,1753.0,421159.03,41.77599,54.24936,4.903431,,36.401,73.48,13.66,2.18,9.3,5.53,20.3,,119.56,1.035,-31514.07,0.04,77.32,15.83
JSWSTEEL.NS,JSW Steel Limited,Basic Materials,Steel,1231.2,1328.0,1008.0,300514.59,13.485212,17.131102,3.0034397,,12.287,91.3,27.26,4.95,12.03,12.67,14.2,991.8,94.155,1.491,-4886.25,0.57,63.42,17.38
TATASTEEL.NS,Tata Steel Limited,Basic Materials,Steel,190.16,224.4,152.51,237164.67,21.983816,10.114894,2.3235013,,9.947,8.65,11.16,4.73,4.65,9.7,12.5,125.2,89.017,0.748,12297.83,2.07,35.54,34.46
INDUSINDBK.NS,IndusInd Bank Limited,Financial Services,Banks - Regional,927.6,968.85,710.6,72272.35,81.297104,12.79767,1.0988021,0.72,,11.41,1.36,0.16,5.16,17.66,272.7,,,,,0.17,16.58,52.25
COALINDIA.NS,Coal India Limited,Energy,Thermal Coal,441.75,491.25,368.65,272238.54,8.750991,7.688771,2.2855444,0.87,5.65,50.48,28.12,7.12,18.46,20.92,16.2,12.9,11.629,1.856,7237.59,4.95,61.14,26.18
DRREDDY.NS,Dr. Reddy's Laboratories Limited,Healthcare,Drug Manufacturers - Specialty & Generic,1328.4,1375.9,1148.4,110617.23,25.844358,20.601704,2.9335902,1.63,15.796,51.4,11.83,5.74,12.76,1.54,-11.6,-86.2,20.328,1.802,162.75,0.61,29.77,53.79
CIPLA.NS,Cipla Limited,Healthcare,Drug Manufacturers - Specialty & Generic,1437.9,1673.0,1165.7,116160.08,29.950012,22.744864,3.3733487,,18.342,48.01,11.74,7.58,13.94,11.26,-2.1,-54.6,1.778,3.443,1140.04,0.91,34.57,44.4
HINDALCO.NS,Hindalco Industries Limited,Basic Materials,Aluminum,976.6,1176.0,657.5,218382.7,16.225286,9.038988,1.5871055,,8.394,60.19,10.29,5.37,4.87,9.98,20.4,-50.9,72.598,1.21,-9969.75,0.51,36.44,38.15
GRASIM.NS,Grasim Industries Limited,Basic Materials,Building Materials,3127.9,3200.0,2502.5,212125.67,42.695873,21.301788,2.0499675,,13.322,73.26,6.29,3.34,2.83,17.29,10.5,60.8,134.138,0.947,-11766.87,0.32,49.79,24.51
DIVISLAB.NS,Divi's Laboratories Limited,Healthcare,Drug Manufacturers - Specialty & Generic,6753.5,7071.5,5636.5,179284.2,69.99896,47.922,10.68881,,51.025,96.48,16.19,10.07,24.32,28.75,9.5,13.6,0.042,5.431,-747.12,0.44,52.02,29.7
SBILIFE.NS,SBI Life Insurance Company Limited,Financial Services,Insurance - Life,1767.7,2132.0,1700.4,177342.81,71.71197,50.982048,9.29224,,63.502,24.65,13.7,0.35,2.2,21.17,-82.2,-1.1,,1.55,999.52,0.15,58.7,31.02
HDFCLIFE.NS,HDFC Life Insurance Company Limited,Financial Services,Insurance - Life,591.75,820.75,543.0,128524.26,66.94004,48.26672,7.1799507,,61.078,8.84,11.28,0.35,1.92,2.69,-17.7,4.1,17.46,1.029,3008.15,0.35,55.59,29.86
BRITANNIA.NS,Britannia Industries Limited,Consumer Defensive,Packaged Foods,5262.5,6336.0,5035.0,126756.94,49.957283,40.542877,24.824402,,35.455,105.34,53.31,21.59,13.23,16.27,7.9,21.1,26.875,1.119,2049.09,1.73,51.18,27.97
EICHERMOT.NS,Eicher Motors Limited,Consumer Cyclical,Auto Manufacturers,7572.0,8230.0,5353.0,207849.53,37.705406,28.52119,8.275138,,34.964,200.82,23.77,10.42,23.56,21.09,19.1,11.5,2.048,1.902,3151.76,0.92,49.8,29.44
APOLLOHOSP.NS,Apollo Hospitals Enterprise Limited,Healthcare,Medical Care Facilities,8573.5,8624.0,6696.5,123273.78,63.530937,40.104603,13.000592,,34.188,134.95,21.5,8.44,7.7,11.91,18.1,35.6,85.146,1.065,395.55,0.24,28.02,51.34
TATACONSUM.NS,Tata Consumer Products Limited,Consumer Defensive,Packaged Foods,1098.1,1282.7,1007.2,108672.94,70.571976,45.840824,5.345555,0.55,41.369,15.56,6.94,4.03,7.6,11.15,17.9,21.5,12.159,1.568,1875.31,0.91,34.39,35.82
HEROMOTOCO.NS,Hero MotoCorp Limited,Consumer Cyclical,Auto Manufacturers,4897.2,6388.5,4190.0,97989.52,17.090807,15.428727,4.533341,,12.424,286.54,28.03,12.51,12.11,13.11,30.2,25.7,3.57,1.909,6278.06,3.02,37.43,38.31
BPCL.NS,Bharat Petroleum Corporation Limited,Energy,Oil & Gas Refining & Marketing,315.7,391.65,266.6,134885.51,5.2199078,7.958719,1.3469982,0.28,3.877,60.48,28.47,9.37,5.68,8.16,6.7,28.0,54.332,0.794,25402.71,6.48,56.51,28.88
SHRIRAMFIN.NS,Shriram Finance Limited,Financial Services,Credit Services,1019.0,1108.0,566.5,239762.07,19.139744,14.6603,2.9077978,,,53.24,16.38,3.26,48.34,70.44,24.7,,276.215,2.275,,1.39,22.12,61.13
BAJAJ-AUTO.NS,Bajaj Auto Limited,Consumer Cyclical,Auto Manufacturers,9750.0,10834.0,7858.5,272289.94,25.39327,20.959854,7.0132785,1.31,19.232,383.96,28.05,13.88,16.51,18.64,48.8,103.1,56.289,1.761,-456.44,1.5,59.99,17.75
UPL.NS,UPL Limited,Basic Materials,Agricultural Inputs,599.25,812.2,565.15,50653.65,26.848118,12.601527,1.4578377,,7.697,22.32,5.61,4.33,3.71,14.9,17.7,33.2,57.128,1.217,2220.38,1.01,33.79,42.4
ADANIPORTS.NS,Adani Ports and Special Economic Zone Limited,Industrials,Marine Shipping,1813.3,1857.8,1290.5,417776.9,31.177786,23.401531,4.353714,,20.949,58.16,15.59,6.76,33.06,41.18,26.5,3.6,64.051,1.394,-3192.01,0.42,68.05,21.33
SIEMENS.NS,Siemens Limited,Industrials,Specialty Industrial Machinery,3561.5,3937.3,2826.0,126832.32,74.90011,51.400146,9.157481,,52.529,47.55,,,9.21,8.02,14.6,-36.4,2.213,2.57,,0.39,76.82,10.89
HAVELLS.NS,Havells India Limited,Industrials,Electrical Equipment & Parts,1186.2,1621.1,1123.6,74405.2,44.096653,34.964146,7.869022,0.2,33.796,26.9,18.97,7.79,7.5,9.38,2.5,39.6,2.801,1.707,-70.84,1.02,63.53,24.67
DABUR.NS,Dabur India Limited,Consumer Defensive,Household & Personal Products,424.1,577.0,403.35,75233.32,39.78424,32.18939,6.581316,3.16,28.92,10.66,16.24,7.35,14.36,11.18,7.3,15.2,10.907,1.696,1669.16,1.97,67.67,23.25
MARICO.NS,Marico Limited,Consumer Defensive,Household & Personal Products,819.45,848.8,690.2,106191.3,60.121056,43.38129,25.035135,1.02,44.674,13.63,41.39,14.43,12.95,13.83,22.1,14.5,12.394,1.31,2851.62,0.49,59.23,24.78
BERGEPAINT.NS,Berger Paints India Limited,Basic Materials,Specialty Chemicals,530.55,605.0,391.1,61862.28,54.865562,42.045376,8.947936,,34.423,9.67,17.23,9.39,9.48,13.27,6.1,27.7,9.165,2.115,834.09,0.7,75.63,15.46
PIDILITIND.NS,Pidilite Industries Limited,Basic Materials,Specialty Chemicals,1579.0,1599.3,1259.0,160706.72,65.87401,51.94014,14.840086,,44.306,23.97,23.52,13.26,16.77,20.53,14.1,37.0,3.776,2.38,1837.48,0.64,69.45,17.13
LUPIN.NS,Lupin Limited,Healthcare,Drug Manufacturers - Specialty & Generic,2367.6,2494.0,1836.8,108254.38,20.326237,23.149296,4.8191795,,12.891,116.48,26.91,12.76,19.07,24.24,31.9,89.0,29.388,1.899,4926.22,0.51,47.02,34.59
TORNTPHARM.NS,Torrent Pharmaceuticals Limited,Healthcare,Drug Manufacturers - Specialty & Generic,4504.4,4712.9,3165.0,152449.36,70.271454,47.534866,18.056095,,38.839,64.1,16.99,7.25,15.47,20.2,41.8,-21.7,85.446,1.126,2601.22,0.84,71.19,15.9
AMBUJACEM.NS,Ambuja Cements Limited,Basic Materials,Building Materials,426.85,624.95,394.0,106064.42,22.418592,27.35869,1.777838,5.15,18.041,19.04,8.3,2.3,11.63,6.45,7.2,74.9,1.205,1.047,-2894.54,0.48,69.5,22.34
ACC.NS,ACC Limited,Basic Materials,Building Materials,1347.0,2028.8,1251.7,25294.94,11.864705,12.01591,1.2308654,2.33,9.102,113.53,10.93,4.32,8.3,4.95,32.3,-68.3,2.085,1.974,-3865.32,0.56,57.49,22.76
BANDHANBNK.NS,Bandhan Bank Limited,Financial Services,Banks - Regional,211.76,218.13,134.25,34116.19,27.936674,9.798768,1.3321254,,,7.58,4.88,0.61,12.97,26.45,119.3,68.0,,,,0.72,42.67,37.41
FEDERALBNK.NS,The Federal Bank Limited,Financial Services,Banks - Regional,325.2,327.0,185.11,80199.27,18.614769,13.686973,2.0019083,,,17.47,11.73,1.18,29.91,43.17,12.3,22.2,,,,0.38,9.66,57.41
IDFCFIRSTB.NS,IDFC First Bank Limited,Financial Services,Banks - Regional,79.2,87.0,58.08,68216.74,42.12766,12.258183,1.4537178,,,1.88,,,32.78,33.4,-1.1,-23.2,,,,0.32,13.95,44.17
PNB.NS,Punjab National Bank,Financial Services,Banks - Regional,107.71,135.15,98.5,123790.49,6.731875,6.4840117,0.8254209,,,16.0,12.98,0.95,31.22,29.4,15.2,1.9,,,,2.79,70.08,19.36
BANKBARODA.NS,Bank of Baroda Limited,Financial Services,Banks - Regional,279.9,325.5,230.81,144746.43,7.2909613,6.5000176,0.8726586,,,38.39,12.74,1.01,31.18,38.45,-7.6,7.1,,,,3.06,66.05,20.64
CANBK.NS,Canara Bank,Financial Services,Banks - Regional,130.15,162.89,103.55,118054.52,5.989415,5.6333795,1.0029745,,,21.73,15.94,0.99,37.04,-32.21,-46.7,-9.8,,,,3.22,64.48,17.94
UNIONBANK.NS,Union Bank of India,Financial Services,Banks - Regional,174.83,205.49,124.64,133458.32,6.872248,6.812277,1.00004,,,25.44,15.71,1.25,39.67,-887.68,,,,,,2.86,74.76,15.18
SAIL.NS,Steel Authority of India Limited,Basic Materials,Steel,171.42,209.7,118.1,70805.46,20.98164,10.776049,1.2194376,,8.428,8.17,5.66,2.76,3.04,9.19,5.1,46.5,52.899,0.823,8530.17,0.95,65.1,20.03
NMDC.NS,NMDC Limited,Basic Materials,Steel,85.7,97.49,67.0,75345.87,10.118063,8.512819,2.207966,,7.543,8.47,23.36,12.29,23.23,21.97,61.9,37.7,18.802,2.429,-1396.04,4.11,60.8,19.87
VEDL.NS,Vedanta Limited,Basic Materials,Other Industrial Metals & Mining,282.55,795.0,268.7,110330.17,15.749721,11.302062,2.222493,,5.218,17.94,20.4,5.3,22.62,33.93,-41.3,92.2,48.044,1.32,-48772.25,,58.53,18.62
PAYTM.NS,One97 Communications Limited,Technology,Software - Infrastructure,1087.3,1381.8,889.1,69623.85,126.43023,34.687077,4.3497047,,110.232,8.6,3.56,-0.12,6.55,,18.4,,1.073,2.546,3268.7,,27.97,46.87
NYKAA.NS,FSN E-Commerce Ventures Limited,Consumer Cyclical,Internet Retail,306.5,309.75,197.62,87776.21,437.85715,111.788284,61.881687,,118.244,0.7,14.34,6.29,1.99,5.24,28.4,290.2,82.405,1.156,569.67,,56.15,32.61
DMART.NS,Avenue Supermarts Limited,Consumer Defensive,Discount Stores,4336.0,4949.5,3529.0,282813.84,94.90042,61.05743,11.53351,,55.523,45.69,12.94,9.63,4.32,5.24,18.9,19.6,9.913,1.977,-1460.22,,78.99,13.19
TRENT.NS,Trent Limited,Consumer Cyclical,Apparel Retail,3247.0,6261.0,2183.6667,173140.53,100.30893,64.705765,24.788528,,61.228,32.37,27.13,13.71,8.57,11.12,19.2,25.8,36.034,1.264,997.66,0.13,43.42,30.64
JUBLFOOD.NS,Jubilant FoodWorks Limited,Consumer Cyclical,Restaurants,424.5,718.95,408.8,27918.28,74.86772,44.889618,12.206694,,14.646,5.67,16.89,6.42,4.5,8.03,20.3,,2.655,0.368,478.52,0.28,40.74,45.43
UNITDSPR.NS,N/A,Consumer Defensive,Beverages - Wineries & Distilleries,1359.1,1488.0,1210.8,98861.1,56.44103,43.72094,11.485869,,40.359,24.08,20.03,9.01,14.74,16.93,0.8,28.0,4.611,2.053,618.38,1.27,59.49,25.09
RADICO.NS,Radico Khaitan Limited,Consumer Defensive,Beverages - Wineries & Distilleries,3757.7,3806.2,2500.0,50327.38,83.50444,52.050262,15.166755,,40.276,45.0,,,8.84,14.87,19.5,62.1,20.939,,,0.15,44.2,29.57
TATAPOWER.NS,The Tata Power Company Limited,Utilities,Utilities - Independent Power Producers,393.1,464.9,342.5,125608.8,33.5696,23.06385,3.181888,,15.134,11.71,11.34,3.27,6.0,11.56,-12.8,-4.6,168.051,0.806,-5969.76,0.63,47.24,22.36
ADANIGREEN.NS,Adani Green Energy Limited,Utilities,Utilities - Renewable,1525.4,1557.0,765.0,251260.25,157.7456,49.920967,13.025361,,33.18,9.67,7.58,3.68,12.72,59.69,14.3,209.8,346.548,0.569,-25213.87,,82.27,9.94
IGL.NS,Indraprastha Gas Limited,Utilities,Utilities - Regulated Gas,167.94,229.0,141.74,23511.63,15.1707325,11.90597,2.0420969,,10.587,11.07,13.93,5.08,9.59,6.92,5.4,-25.2,0.848,1.155,326.02,2.81,50.04,41.34
MGL.NS,Mahanagar Gas Limited,Utilities,Utilities - Regulated Gas,1196.0,1586.9,900.0,11813.82,14.044151,12.753928,1.8380206,,7.678,85.16,13.63,7.54,10.2,7.49,4.5,-47.4,3.461,0.938,-112.72,2.46,43.65,30.54
GUJGASLTD.NS,Gujarat Energy Limited,Utilities,Utilities - Regulated Gas,352.85,508.7,301.5,33105.48,1069.2424,11.639452,1.7923998,,11.998,0.33,12.27,6.69,8.55,10.34,21.1,32.6,118.64,1.87,-4029.43,1.58,51.45,25.03
CONCOR.NS,Container Corporation of India Limited,Industrials,Railroads,473.95,629.2,421.45,36096.88,29.005508,19.731474,2.7798471,,14.678,16.34,9.76,7.16,13.15,12.12,-1.1,-12.0,7.39,3.921,425.58,2.84,57.88,40.99
IRCTC.NS,Indian Railway Catering & Tourism Corporation Limited,Consumer Cyclical,Travel Services,515.25,798.6,492.65,41220.0,29.578072,22.648352,9.567001,,23.228,17.42,34.96,14.05,26.72,26.36,15.1,-8.9,1.874,2.155,1005.71,1.83,62.4,16.61
INDIANB.NS,Indian Bank,Financial Services,Banks - Regional,843.65,1000.9,606.0,113636.62,9.704935,7.861314,1.4195192,,,86.93,15.44,1.25,34.17,46.92,1.5,6.4,,,,2.16,75.93,17.02
OBEROIRLTY.NS,Oberoi Realty Limited,Real Estate,Real Estate - Development,1753.1,2005.0,1391.2,63743.11,25.396204,16.555962,3.55677,,18.326,69.03,14.91,8.4,41.73,53.07,52.1,62.4,15.765,3.991,-108.58,0.47,67.7,24.86
DLF.NS,DLF Limited,Real Estate,Real Estate - Development,618.15,859.95,489.4,153011.39,34.688553,23.085215,3.368041,0.14,98.318,17.82,10.03,1.13,53.88,19.98,-42.0,-1.1,0.673,1.542,5264.26,0.98,74.14,13.77
GODREJPROP.NS,Godrej Properties Limited,Real Estate,Real Estate - Development,1820.6,2420.0,1434.0,54841.2,29.656296,17.806831,2.862214,,-147.366,61.39,9.97,-0.48,36.06,14.07,63.0,70.1,82.119,1.274,-4857.33,0.56,57.58,24.4
PRESTIGE.NS,Prestige Estates Projects Limited,Real Estate,Real Estate - Diversified,1541.1,1814.0,1090.0,66379.83,55.375492,26.766235,4.0766497,,21.534,27.83,8.0,2.65,9.42,19.83,166.5,901.7,105.493,1.148,-2528.82,0.12,63.21,31.93
PHOENIXLTD.NS,The Phoenix Mills Limited,Real Estate,Real Estate - Diversified,1912.3,1993.0,1402.5,68391.59,54.637146,37.013023,6.2227674,,28.071,35.0,11.06,6.41,27.67,53.54,33.7,50.0,37.211,0.87,1810.56,0.14,47.86,38.88
BRIGADE.NS,Brigade Enterprises Limited,Real Estate,Real Estate - Development,543.55,876.3,450.75,17728.55,27.535461,14.869049,1.9495565,,14.986,19.74,10.79,2.88,11.31,19.52,-0.2,-42.4,84.316,1.241,-2239.16,0.36,36.85,27.82
MPHASIS.NS,Mphasis Limited,Technology,Information Technology Services,2261.1,3037.2,2013.0,43145.65,23.169384,17.760157,4.0126357,2.4,14.193,97.59,18.29,9.29,11.73,15.38,14.4,14.0,24.383,1.376,926.65,2.76,31.28,58.14
LTTS.NS,L&T Technology Services Limited,Technology,Information Technology Services,3322.4,4726.0,3010.0,35240.23,28.718124,20.281366,5.440822,,18.616,115.69,19.54,9.85,11.63,15.22,-4.2,6.7,8.911,2.277,993.11,1.74,73.86,13.91
PERSISTENT.NS,Persistent Systems Limited,Technology,Information Technology Services,4928.5,6599.0,4449.1,76998.47,41.422928,28.227598,9.8375025,3.35,26.475,118.98,26.35,14.87,12.65,16.25,25.1,32.1,6.092,2.427,1456.11,0.91,33.02,42.43
COFORGE.NS,Coforge Limited,Technology,Information Technology Services,1497.9,1994.0,1008.1,66307.77,34.167427,21.890913,5.274983,,16.256,43.84,18.6,10.8,9.48,16.56,30.5,134.0,7.518,1.609,1715.94,1.08,21.82,54.77
KPITTECH.NS,KPIT Technologies Limited,Technology,Software - Infrastructure,736.05,1328.0,624.9,20037.28,31.59013,20.170057,5.6587887,,14.589,23.3,19.73,10.63,9.87,15.86,12.0,-33.5,23.624,1.03,1172.31,1.11,47.48,30.65
TATAELXSI.NS,Tata Elxsi Limited,Technology,Software - Application,4025.5,6439.5,3926.1,25077.68,39.820953,25.640755,8.245545,,29.224,101.09,21.3,12.87,16.62,24.12,8.3,27.8,5.336,3.921,683.07,1.84,44.88,15.02
HAPPSTMNDS.NS,Happiest Minds Technologies Limited,Technology,Information Technology Services,346.15,660.85,330.2,5201.32,24.549644,15.059356,3.0868766,,13.051,14.1,13.03,5.64,9.18,13.58,10.9,79.9,87.994,1.481,845.95,2.12,46.14,10.37
VOLTAS.NS,Voltas Limited,Consumer Cyclical,"Furnishings, Fixtures & Appliances",1310.1,1582.5,1186.8,43349.21,114.71979,38.936745,6.8480115,,61.304,11.42,5.72,2.9,2.64,5.69,2.5,-51.8,15.51,1.367,-126.66,0.3,36.66,42.53
BLUESTARCO.NS,Blue Star Limited,Industrials,Building Products & Equipment,1652.8,2040.0,1450.0,33980.35,64.58773,39.68358,9.897066,,36.676,25.59,16.22,5.58,4.25,6.83,1.3,17.1,23.588,1.313,-320.65,0.51,36.98,36.79
CROMPTON.NS,Crompton Greaves Consumer Electricals Limited,Consumer Cyclical,"Furnishings, Fixtures & Appliances",275.25,362.0,217.4,17990.28,,23.77974,5.97642,,20.621,-3.76,-6.34,6.6,-2.99,9.9,10.8,,5.797,1.426,602.74,1.1,,80.48
DIXON.NS,Dixon Technologies (India) Limited,Technology,Consumer Electronics,12086.0,18471.0,9600.0,73485.17,44.8194,47.213345,13.46292,,33.55,269.66,37.13,5.13,2.94,2.89,2.1,-36.1,18.457,1.064,912.17,0.07,40.37,38.41
AMBER.NS,Amber Enterprises India Limited,Consumer Cyclical,"Furnishings, Fixtures & Appliances",7843.5,8974.0,5400.5,27662.27,154.94864,40.22254,6.313814,,32.63,50.62,5.58,3.55,1.46,6.24,10.5,11.0,46.566,1.131,-2468.09,,39.24,40.86
VGUARD.NS,V-Guard Industries Limited,Industrials,Electrical Equipment & Parts,313.55,409.75,290.0,13695.98,44.728954,28.78158,6.2733836,,25.764,7.01,13.79,7.43,5.17,8.12,14.1,23.1,6.964,1.803,229.55,0.48,55.66,34.66
POLYCAB.NS,Polycab India Limited,Industrials,Electrical Equipment & Parts,9692.5,10126.0,6346.0,145948.11,54.890133,39.11541,12.151411,,35.788,176.58,24.58,13.56,9.25,12.95,26.9,8.0,2.558,1.841,1620.23,0.47,64.72,18.82
KEI.NS,KEI Industries Limited,Industrials,Electrical Equipment & Parts,5419.0,5708.0,3601.1,51805.96,56.500885,39.27465,7.772786,,42.347,95.91,14.75,8.79,7.82,10.16,18.7,25.5,3.796,2.963,170.84,0.08,36.01,44.72
APLAPOLLO.NS,APL Apollo Tubes Limited,Basic Materials,Steel,1826.2,2301.4,1492.0,50705.98,42.18526,28.397964,9.574992,,28.174,43.29,25.31,11.95,5.21,7.21,13.6,20.8,9.396,1.343,402.28,0.31,35.89,49.58
RATNAMANI.NS,Ratnamani Metals & Tubes Limited,Basic Materials,Steel,2753.6,3345.0,1936.5,19300.53,40.034897,28.271048,4.69241,,24.93,68.78,13.58,7.6,10.74,10.96,-36.8,-48.5,7.488,3.92,66.17,0.36,67.24,25.89
ASTRAL.NS,Astral Limited,Industrials,Building Products & Equipment,1536.7,1768.7,1263.7,41283.47,76.988976,45.51099,10.171701,,37.881,19.96,13.8,8.86,8.17,14.79,24.2,18.9,6.168,1.762,474.9,0.25,54.27,28.82
PRINCEPIPE.NS,Prince Pipes and Fittings Limited,Industrials,Building Products & Equipment,292.4,376.2,205.0,3233.42,44.236004,20.05029,1.9675925,,12.989,6.61,4.67,2.65,2.82,8.86,18.1,131.7,8.838,1.964,280.39,0.18,60.63,20.59
SUPREMEIND.NS,The Supreme Industries Limited,Industrials,Building Products & Equipment,3560.4,4664.9,3182.0,45246.2,47.43405,33.428993,7.33119,,28.696,75.06,16.13,9.59,8.5,14.88,16.5,47.5,1.473,2.2,111.48,1.02,49.22,32.22
PAGEIND.NS,Page Industries Limited,Consumer Cyclical,Apparel Manufacturing,40885.0,50590.0,29805.0,45602.61,59.810993,47.615585,30.349302,,38.541,683.57,52.5,23.78,14.56,18.56,14.1,9.0,18.422,1.725,523.14,1.5,46.68,43.48
RELAXO.NS,Relaxo Footwears Limited,Consumer Cyclical,Footwear & Accessories,368.95,526.0,236.5,9184.59,51.101112,37.60958,4.16023,,24.295,7.22,8.33,4.74,6.63,11.31,8.0,20.5,10.545,2.328,165.07,0.96,71.33,11.63
ABFRL.NS,Aditya Birla Fashion and Retail Limited,Consumer Cyclical,Apparel Manufacturing,61.6,94.95,53.51,7495.35,,-12.611089,1.2832532,,17.926,-6.38,-12.69,-2.37,-9.49,-7.63,15.7,,98.822,1.252,-221.25,,59.07,12.62
RAYMOND.NS,Raymond Limited,Industrials,Specialty Industrial Machinery,606.25,783.9,320.0,4034.68,118.87255,26.707048,1.416952,,13.691,5.1,1.47,1.84,231.04,6.43,,-99.1,33.836,1.72,1266.68,,51.23,8.62
ALKEM.NS,Alkem Laboratories Limited,Healthcare,Drug Manufacturers - Specialty & Generic,5428.5,5933.5,4716.2,64905.86,28.236671,23.979012,4.698072,,20.749,192.25,17.56,8.5,15.65,11.42,14.6,-22.7,14.267,2.553,1374.31,0.98,62.91,25.12
GRANULES.NS,Granules India Limited,Healthcare,Drug Manufacturers - Specialty & Generic,770.85,804.3,432.6,19101.43,31.553417,19.790756,3.7127926,1.0,16.76,24.43,13.52,7.95,11.09,18.38,22.8,31.3,29.735,1.801,69.0,0.22,39.31,22.6
LALPATHLAB.NS,Dr. Lal PathLabs Limited,Healthcare,Diagnostics & Research,1660.0,1803.0,1272.6,27718.31,52.598225,40.295,11.055758,,34.237,31.56,21.48,13.23,18.27,20.24,16.6,-15.4,7.831,3.476,400.37,0.84,54.9,30.92
METROPOLIS.NS,Metropolis Healthcare Limited,Healthcare,Diagnostics & Research,553.2,600.0,412.25,11469.6,60.261436,36.49464,7.5649214,,28.144,9.18,13.37,8.34,11.54,16.35,23.0,73.0,15.212,1.403,242.37,0.37,48.87,44.89
MAXHEALTH.NS,Max Healthcare Institute Limited,Healthcare,Medical Care Facilities,1081.7,1314.3,903.0,105275.77,73.23628,44.487213,9.785863,,47.97,14.77,14.33,6.92,17.23,22.56,12.2,7.3,32.367,0.889,-211.65,0.19,27.14,61.84
NH.NS,Narayana Hrudayalaya Limited,Healthcare,Medical Care Facilities,1958.5,2370.2,1589.0,39777.1,49.085213,27.91074,8.76918,,26.245,39.9,19.84,7.4,10.2,13.73,75.8,13.5,129.033,2.152,287.02,0.23,67.23,13.56
FORTIS.NS,Fortis Healthcare Limited,Healthcare,Medical Care Facilities,975.4,1104.3,757.15,73638.62,70.68116,41.717297,7.441598,0.42,36.727,13.8,11.01,6.89,11.41,17.35,17.8,44.3,34.15,0.86,173.28,0.1,35.19,48.36
CHOLAFIN.NS,Cholamandalam Investment and Finance Company Limited,Financial Services,Credit Services,1792.9,1831.5,1299.4,152860.26,29.016022,18.463135,5.009976,,,61.79,19.33,2.34,39.78,56.11,24.1,29.1,693.261,93.304,,0.08,49.29,37.8
MUTHOOTFIN.NS,Muthoot Finance Limited,Financial Services,Credit Services,3129.9,4149.5,2476.6,125655.62,11.859275,9.315871,3.2112308,,,263.92,30.41,6.46,55.21,78.15,53.7,126.7,379.707,128.286,,0.96,73.35,16.59
MANAPPURAM.NS,Manappuram Finance Limited,Financial Services,Credit Services,318.35,334.0,245.15,29903.77,27.16297,10.88376,1.6796901,,,11.72,6.97,1.6,23.98,45.02,109.3,,360.191,94.116,,0.63,32.88,38.18
SUNDARMFIN.NS,Sundaram Finance Limited,Financial Services,Credit Services,4600.3,5642.0,4000.0,50701.3,24.608429,20.828402,3.351132,,,186.94,14.66,2.56,45.65,60.7,10.0,0.2,408.126,8.233,,0.89,,15.54
AAVAS.NS,Aavas Financiers Limited,Financial Services,Mortgage Finance,1482.6,2152.9,1060.4,11755.21,18.03869,12.687158,2.3245823,,,82.19,13.92,3.29,42.08,53.08,19.2,18.3,310.553,1603.958,,,49.67,35.01
HOMEFIRST.NS,Home First Finance Company India Limited,Financial Services,Mortgage Finance,1163.5,1519.0,893.7,12161.51,22.54408,15.18056,2.7862859,,,51.61,15.71,3.95,51.03,66.92,30.6,24.0,243.944,6.421,,0.46,9.38,69.81
CANFINHOME.NS,Can Fin Homes Limited,Financial Services,Mortgage Finance,884.8,971.5,708.6,11781.52,10.853779,9.293367,1.9700309,0.86,,81.52,19.66,2.54,67.29,80.42,24.3,47.8,637.09,139.58,,1.8,38.69,31.34
POONAWALLA.NS,Poonawalla Fincorp Limited,Financial Services,Credit Services,428.15,570.4,361.2,37490.95,62.870777,18.00025,3.346569,,,6.81,5.85,1.14,18.56,35.47,67.4,287.7,470.362,11271.427,,,62.79,18.72
CREDITACC.NS,CreditAccess Grameen Limited,Financial Services,Credit Services,1460.3,1568.0,1113.0,23393.43,30.177725,11.858666,2.9829986,,,48.39,10.51,2.6,32.01,58.83,137.7,616.2,302.872,2.289,,,66.21,17.55
MOTILALOFS.NS,Motilal Oswal Financial Services Limited,Financial Services,Capital Markets,935.15,1097.1,614.9,56309.75,30.74129,15.603397,4.3511944,,,30.42,15.55,4.83,23.45,-9.2,152.3,,164.419,5.632,,1.18,53.1,28.7
ANGELONE.NS,Angel One Limited,Financial Services,Capital Markets,340.65,360.45,208.63,31113.25,34.583755,19.641829,5.071838,,,9.85,15.53,4.49,19.29,31.96,33.5,82.7,129.314,1.324,,2.05,52.8,27.9
BSE.NS,BSE Limited,Financial Services,Financial Data & Stock Exchanges,3886.6,4446.8,2021.5,157846.13,64.44371,39.230194,20.075829,,37.351,60.31,36.0,20.81,48.73,67.7,105.1,64.0,0.0,1.53,5136.78,0.25,,24.18
MCX.NS,Multi Commodity Exchange of India Limited,Financial Services,Financial Data & Stock Exchanges,2840.6,3480.0,1460.8,72297.28,54.532543,34.150646,17.180252,,38.487,52.09,37.88,17.92,54.82,73.86,200.0,291.2,0.113,1.31,2811.41,0.21,15.05,51.19
CDSL.NS,Central Depository Services (India) Limited,Financial Services,Capital Markets,1331.7,1814.0,1116.3,27832.53,61.227585,43.388092,14.201921,,40.432,21.75,23.91,16.73,36.83,38.92,5.5,-19.9,0.11,2.917,245.16,0.93,,15.63
CRISIL.NS,CRISIL Limited,Financial Services,Financial Data & Stock Exchanges,4087.3,6139.0,3686.0,29890.43,35.578865,27.117958,9.853641,,27.121,114.88,,,21.56,26.39,30.1,45.9,9.785,,,0.86,71.89,15.86
ICICIPRULI.NS,ICICI Prudential Life Insurance Company Limited,Financial Services,Insurance - Life,496.35,706.8,459.5,71958.46,44.8374,36.81895,5.2772317,,38.734,11.07,12.58,0.34,2.55,12.45,-83.1,61.4,19.037,1.474,2168.01,0.33,23.65,69.61
HDFCAMC.NS,HDFC Asset Management Company Limited,Financial Services,Asset Management,2625.1,2967.25,2205.6,112525.77,39.498947,30.245998,12.185793,,28.296,66.46,32.93,24.83,61.84,78.78,3.6,-2.8,2.364,30.242,2397.42,2.01,56.66,28.18
ICICIGI.NS,ICICI Lombard General Insurance Company Limited,Financial Services,Insurance - Diversified,1821.1,2068.7,1629.5,90904.25,33.014866,24.655468,5.64831,,22.514,55.16,17.85,3.15,10.26,11.44,12.2,6.7,0.057,0.391,3461.33,0.76,2.37,83.5
GICRE.NS,General Insurance Corporation of India,Financial Services,Insurance - Reinsurance,363.7,417.95,346.7,63807.53,6.600726,5.734974,0.6930154,,3.279,55.1,10.69,3.37,18.27,20.74,-1.3,1.4,,0.309,14656.36,3.6,82.4,12.48
NIACL.NS,The New India Assurance Company Limited,Financial Services,Insurance - Diversified,188.51,218.0,116.97,31066.45,22.022194,9.747156,0.80531603,,5.737,8.56,3.42,1.25,2.84,5.45,13.7,60.8,,0.432,8931.85,0.77,85.44,10.85
STARHEALTH.NS,Star Health and Allied Insurance Company Limited,Financial Services,Insurance - Life,574.3,597.4,412.6,33792.01,60.772488,26.40659,4.441677,,,9.45,,,3.12,3.25,13.8,18800.0,,,,,64.12,23.81
POLICYBZR.NS,PB Fintech Limited,Financial Services,Insurance Brokers,1636.3,1974.0,1364.0,75603.94,113.317184,48.285004,10.342257,,142.943,14.44,9.74,2.87,9.86,8.9,36.7,52.8,4.922,4.411,-30.97,,25.0,58.04
